Ticker,Date,Dividend,Stock_Split
ASIANPAINT.NS,2016-06-16,5.3,0.0
ASIANPAINT.NS,2016-11-01,2.65,0.0
ASIANPAINT.NS,2017-06-15,7.65,0.0
ASIANPAINT.NS,2017-10-31,2.65,0.0
ASIANPAINT.NS,2018-06-14,6.05,0.0
ASIANPAINT.NS,2018-10-29,2.85,0.0
ASIANPAINT.NS,2019-06-13,7.65,0.0
ASIANPAINT.NS,2019-10-30,3.35,0.0
ASIANPAINT.NS,2020-03-03,7.15,0.0
ASIANPAINT.NS,2020-07-23,1.5,0.0
ASIANPAINT.NS,2020-10-28,3.35,0.0
ASIANPAINT.NS,2021-06-10,14.5,0.0
ASIANPAINT.NS,2021-10-28,3.65,0.0
ASIANPAINT.NS,2022-06-09,15.5,0.0
ASIANPAINT.NS,2022-10-31,4.4,0.0
ASIANPAINT.NS,2023-06-09,21.25,0.0
ASIANPAINT.NS,2023-11-03,5.15,0.0
ASIANPAINT.NS,2024-06-11,28.15,0.0
ASIANPAINT.NS,2024-11-19,4.25,0.0
ASIANPAINT.NS,2025-06-10,20.55,0.0
ASIANPAINT.NS,2025-11-18,4.5,0.0
ASIANPAINT.NS,2026-06-23,23.0,0.0
AXISBANK.NS,2016-07-07,5.0,0.0
AXISBANK.NS,2017-07-06,5.0,0.0
AXISBANK.NS,2019-07-04,1.0,0.0
AXISBANK.NS,2022-07-07,1.0,0.0
AXISBANK.NS,2023-07-07,1.0,0.0
AXISBANK.NS,2024-07-12,1.0,0.0
AXISBANK.NS,2025-07-04,1.0,0.0
BAJFINANCE.NS,2016-03-16,0.18,0.0
BAJFINANCE.NS,2016-07-14,0.07,0.0
BAJFINANCE.NS,2016-09-08,0.0,5.0
BAJFINANCE.NS,2017-07-06,0.36,0.0
BAJFINANCE.NS,2018-07-05,0.4,0.0
BAJFINANCE.NS,2019-07-11,0.6,0.0
BAJFINANCE.NS,2020-03-03,1.0,0.0
BAJFINANCE.NS,2021-07-08,1.0,0.0
BAJFINANCE.NS,2022-06-30,2.0,0.0
BAJFINANCE.NS,2023-06-30,3.0,0.0
BAJFINANCE.NS,2024-06-21,3.6,0.0
BAJFINANCE.NS,2025-05-09,1.2,0.0
BAJFINANCE.NS,2025-05-30,4.4,0.0
BAJFINANCE.NS,2025-06-16,0.0,2.0
BAJFINANCE.NS,2026-06-30,6.0,0.0
BHARTIARTL.NS,2016-08-11,1.22571,0.0
BHARTIARTL.NS,2017-07-13,0.901257,0.0
BHARTIARTL.NS,2018-01-30,2.559571,0.0
BHARTIARTL.NS,2018-08-02,2.253143,0.0
BHARTIARTL.NS,2018-11-05,2.253143,0.0
BHARTIARTL.NS,2020-08-06,1.963142,0.0
BHARTIARTL.NS,2022-08-01,3.0,0.0
BHARTIARTL.NS,2023-08-11,4.0,0.0
BHARTIARTL.NS,2024-08-07,8.0,0.0
BHARTIARTL.NS,2025-07-18,16.0,0.0
HDFCBANK.NS,2016-06-29,2.375,0.0
HDFCBANK.NS,2017-06-29,2.75,0.0
HDFCBANK.NS,2018-05-31,3.25,0.0
HDFCBANK.NS,2019-06-20,3.75,0.0
HDFCBANK.NS,2019-08-01,1.25,0.0
HDFCBANK.NS,2019-09-19,0.0,2.0
HDFCBANK.NS,2021-06-29,3.25,0.0
HDFCBANK.NS,2022-05-12,7.75,0.0
HDFCBANK.NS,2023-05-16,9.5,0.0
HDFCBANK.NS,2024-05-10,9.75,0.0
HDFCBANK.NS,2025-06-27,11.0,0.0
HDFCBANK.NS,2025-07-25,2.5,0.0
HDFCBANK.NS,2025-08-26,0.0,2.0
HDFCBANK.NS,2026-06-19,13.0,0.0
HINDUNILVR.NS,2016-06-22,9.5,0.0
HINDUNILVR.NS,2016-11-01,7.0,0.0
HINDUNILVR.NS,2017-06-22,10.0,0.0
HINDUNILVR.NS,2017-11-01,8.0,0.0
HINDUNILVR.NS,2018-06-21,12.0,0.0
HINDUNILVR.NS,2018-10-25,9.0,0.0
HINDUNILVR.NS,2019-06-20,13.0,0.0
HINDUNILVR.NS,2019-10-23,11.0,0.0
HINDUNILVR.NS,2020-06-19,14.0,0.0
HINDUNILVR.NS,2020-07-30,9.5,0.0
HINDUNILVR.NS,2020-10-28,14.0,0.0
HINDUNILVR.NS,2021-06-14,17.0,0.0
HINDUNILVR.NS,2021-10-26,15.0,0.0
HINDUNILVR.NS,2022-06-15,19.0,0.0
HINDUNILVR.NS,2022-11-01,17.0,0.0
HINDUNILVR.NS,2023-06-19,22.0,0.0
HINDUNILVR.NS,2023-11-02,18.0,0.0
HINDUNILVR.NS,2024-06-14,24.0,0.0
HINDUNILVR.NS,2024-11-06,29.0,0.0
HINDUNILVR.NS,2025-06-23,24.0,0.0
HINDUNILVR.NS,2025-11-07,19.0,0.0
HINDUNILVR.NS,2026-06-23,22.0,0.0
ICICIBANK.NS,2016-06-16,4.545455,0.0
ICICIBANK.NS,2017-06-20,2.272727,1.1
ICICIBANK.NS,2018-08-24,1.5,0.0
ICICIBANK.NS,2019-07-22,1.0,0.0
ICICIBANK.NS,2021-07-29,2.0,0.0
ICICIBANK.NS,2022-08-08,5.0,0.0
ICICIBANK.NS,2023-08-09,8.0,0.0
ICICIBANK.NS,2024-08-12,10.0,0.0
ICICIBANK.NS,2025-08-12,11.0,0.0
INFY.NS,2016-06-09,7.125,0.0
INFY.NS,2016-10-21,5.5,0.0
INFY.NS,2017-06-01,7.375,0.0
INFY.NS,2017-10-31,6.5,0.0
INFY.NS,2018-06-14,15.25,0.0
INFY.NS,2018-09-04,0.0,2.0
INFY.NS,2018-10-25,7.0,0.0
INFY.NS,2019-01-24,4.0,0.0
INFY.NS,2019-06-13,10.5,0.0
INFY.NS,2019-10-23,8.0,0.0
INFY.NS,2020-05-29,9.5,0.0
INFY.NS,2020-10-23,12.0,0.0
INFY.NS,2021-05-31,15.0,0.0
INFY.NS,2021-10-26,15.0,0.0
INFY.NS,2022-05-31,16.0,0.0
INFY.NS,2022-10-27,16.5,0.0
INFY.NS,2023-06-02,17.5,0.0
INFY.NS,2023-10-25,18.0,0.0
INFY.NS,2024-05-31,28.0,0.0
INFY.NS,2024-10-29,21.0,0.0
INFY.NS,2025-05-30,22.0,0.0
INFY.NS,2025-10-27,23.0,0.0
INFY.NS,2026-06-10,25.0,0.0
ITC.NS,2016-05-30,5.666667,0.0
ITC.NS,2016-07-01,0.0,1.5
ITC.NS,2017-06-05,4.75,0.0
ITC.NS,2018-05-25,5.15,0.0
ITC.NS,2019-05-22,5.75,0.0
ITC.NS,2020-07-06,10.15,0.0
ITC.NS,2021-02-22,5.0,0.0
ITC.NS,2021-06-10,5.75,0.0
ITC.NS,2022-02-14,5.25,0.0
ITC.NS,2022-05-26,6.25,0.0
ITC.NS,2023-02-15,6.0,0.0
ITC.NS,2023-05-30,9.5,0.0
ITC.NS,2024-02-08,6.25,0.0
ITC.NS,2024-06-04,7.5,0.0
ITC.NS,2025-02-12,6.5,0.0
ITC.NS,2025-05-28,7.85,0.0
ITC.NS,2026-02-04,6.5,0.0
ITC.NS,2026-05-27,8.0,0.0
KOTAKBANK.NS,2016-07-14,0.1,0.0
KOTAKBANK.NS,2017-07-12,0.12,0.0
KOTAKBANK.NS,2018-07-11,0.14,0.0
KOTAKBANK.NS,2019-07-12,0.16,0.0
KOTAKBANK.NS,2021-08-11,0.18,0.0
KOTAKBANK.NS,2022-08-11,0.22,0.0
KOTAKBANK.NS,2023-08-04,0.3,0.0
KOTAKBANK.NS,2024-07-19,0.4,0.0
KOTAKBANK.NS,2025-07-18,0.5,0.0
KOTAKBANK.NS,2026-01-14,0.0,5.0
LT.NS,2016-08-18,12.166667,0.0
LT.NS,2017-07-13,14.0,1.5
LT.NS,2017-08-11,14.0,0.0
LT.NS,2018-08-14,16.0,0.0
LT.NS,2019-07-24,18.0,0.0
LT.NS,2020-03-24,10.0,0.0
LT.NS,2020-08-05,8.0,0.0
LT.NS,2020-11-04,18.0,0.0
LT.NS,2021-07-28,18.0,0.0
LT.NS,2022-07-21,22.0,0.0
LT.NS,2023-08-02,30.0,0.0
LT.NS,2024-06-20,28.0,0.0
LT.NS,2025-06-03,34.0,0.0
LT.NS,2026-05-22,38.0,0.0
MARUTI.NS,2016-08-31,35.0,0.0
MARUTI.NS,2017-08-24,75.0,0.0
MARUTI.NS,2018-08-14,80.0,0.0
MARUTI.NS,2019-08-14,80.0,0.0
MARUTI.NS,2020-08-13,60.0,0.0
MARUTI.NS,2021-08-05,45.0,0.0
MARUTI.NS,2022-08-03,60.0,0.0
MARUTI.NS,2023-08-03,90.0,0.0
MARUTI.NS,2024-08-02,125.0,0.0
MARUTI.NS,2025-08-01,135.0,0.0
NTPC.NS,2016-02-05,1.333333,0.0
NTPC.NS,2016-09-08,1.458333,0.0
NTPC.NS,2017-02-15,2.175,0.0
NTPC.NS,2017-09-07,1.808333,0.0
NTPC.NS,2018-02-07,2.275,0.0
NTPC.NS,2018-09-06,1.991667,0.0
NTPC.NS,2019-02-06,2.983333,0.0
NTPC.NS,2019-03-19,0.0,1.2
NTPC.NS,2019-08-13,2.5,0.0
NTPC.NS,2020-03-26,0.5,0.0
NTPC.NS,2020-08-13,2.65,0.0
NTPC.NS,2021-02-11,3.0,0.0
NTPC.NS,2021-09-08,3.15,0.0
NTPC.NS,2022-02-03,4.0,0.0
NTPC.NS,2022-08-10,3.0,0.0
NTPC.NS,2023-02-03,4.25,0.0
NTPC.NS,2023-08-11,3.0,0.0
NTPC.NS,2023-11-03,2.25,0.0
NTPC.NS,2024-02-06,3.25,0.0
NTPC.NS,2024-08-07,3.25,0.0
NTPC.NS,2024-10-31,2.5,0.0
NTPC.NS,2025-01-31,2.5,0.0
NTPC.NS,2025-09-04,3.35,0.0
NTPC.NS,2025-11-07,2.75,0.0
NTPC.NS,2026-02-06,2.75,0.0
POWERGRID.NS,2016-02-03,0.45,0.0
POWERGRID.NS,2016-09-08,0.849375,0.0
POWERGRID.NS,2017-02-16,0.5625,0.0
POWERGRID.NS,2017-09-11,1.884375,0.0
POWERGRID.NS,2018-02-08,1.378125,0.0
POWERGRID.NS,2018-09-10,1.575,0.0
POWERGRID.NS,2019-03-14,3.279376,0.0
POWERGRID.NS,2019-08-19,1.40625,0.0
POWERGRID.NS,2020-03-16,3.352501,0.0
POWERGRID.NS,2020-09-02,2.272501,0.0
POWERGRID.NS,2020-12-17,2.812501,0.0
POWERGRID.NS,2021-03-08,2.250001,0.0
POWERGRID.NS,2021-07-29,0.0,1.3333333333333333
POWERGRID.NS,2021-09-08,2.25,0.0
POWERGRID.NS,2021-12-22,5.25,0.0
POWERGRID.NS,2022-02-16,4.125,0.0
POWERGRID.NS,2022-08-19,1.6875,0.0
POWERGRID.NS,2022-11-14,3.75,0.0
POWERGRID.NS,2023-02-08,3.75,0.0
POWERGRID.NS,2023-08-08,3.5625,0.0
POWERGRID.NS,2023-09-12,0.0,1.3333333333333333
POWERGRID.NS,2023-11-16,4.0,0.0
POWERGRID.NS,2024-02-15,4.5,0.0
POWERGRID.NS,2024-08-16,2.75,0.0
POWERGRID.NS,2024-11-14,4.5,0.0
POWERGRID.NS,2025-02-07,3.25,0.0
POWERGRID.NS,2025-08-19,1.25,0.0
POWERGRID.NS,2025-11-10,4.5,0.0
POWERGRID.NS,2026-02-09,3.25,0.0
RELIANCE.NS,2016-03-17,2.600351,0.0
RELIANCE.NS,2017-07-13,2.724178,0.0
RELIANCE.NS,2017-09-07,0.0,2.0
RELIANCE.NS,2018-06-27,2.97183,0.0
RELIANCE.NS,2019-08-02,3.219483,0.0
RELIANCE.NS,2020-07-02,3.25,0.0
RELIANCE.NS,2021-06-11,3.5,0.0
RELIANCE.NS,2022-08-18,4.0,0.0
RELIANCE.NS,2023-08-21,4.5,0.0
RELIANCE.NS,2024-08-19,5.0,0.0
RELIANCE.NS,2024-10-28,0.0,2.0
RELIANCE.NS,2025-08-14,5.5,0.0
RELIANCE.NS,2026-06-05,6.0,0.0
SBIN.NS,2016-06-03,2.6,0.0
SBIN.NS,2017-05-26,2.6,0.0
SBIN.NS,2021-06-03,4.0,0.0
SBIN.NS,2022-05-25,7.1,0.0
SBIN.NS,2023-05-31,11.3,0.0
SBIN.NS,2024-05-22,13.7,0.0
SBIN.NS,2025-05-16,15.9,0.0
SBIN.NS,2026-05-15,17.35,0.0
SUNPHARMA.NS,2016-09-08,1.0,0.0
SUNPHARMA.NS,2017-09-18,3.5,0.0
SUNPHARMA.NS,2018-09-17,2.0,0.0
SUNPHARMA.NS,2019-08-20,2.75,0.0
SUNPHARMA.NS,2020-02-17,3.0,0.0
SUNPHARMA.NS,2020-08-19,1.0,0.0
SUNPHARMA.NS,2021-02-09,5.5,0.0
SUNPHARMA.NS,2021-08-23,2.0,0.0
SUNPHARMA.NS,2022-02-09,7.0,0.0
SUNPHARMA.NS,2022-08-19,3.0,0.0
SUNPHARMA.NS,2023-02-08,7.5,0.0
SUNPHARMA.NS,2023-07-28,4.0,0.0
SUNPHARMA.NS,2024-02-09,8.5,0.0
SUNPHARMA.NS,2024-07-12,5.0,0.0
SUNPHARMA.NS,2025-02-06,10.5,0.0
SUNPHARMA.NS,2025-07-07,5.5,0.0
SUNPHARMA.NS,2026-02-05,11.0,0.0
TCS.NS,2016-01-21,2.75,0.0
TCS.NS,2016-06-06,13.5,0.0
TCS.NS,2016-07-25,3.25,0.0
TCS.NS,2016-10-24,3.25,0.0
TCS.NS,2017-01-23,3.25,0.0
TCS.NS,2017-06-13,13.75,0.0
TCS.NS,2017-07-24,3.5,0.0
TCS.NS,2017-10-25,3.5,0.0
TCS.NS,2018-01-22,3.5,0.0
TCS.NS,2018-05-31,14.5,2.0
TCS.NS,2018-07-17,4.0,0.0
TCS.NS,2018-10-23,4.0,0.0
TCS.NS,2019-01-17,4.0,0.0
TCS.NS,2019-06-04,18.0,0.0
TCS.NS,2019-07-16,5.0,0.0
TCS.NS,2019-10-17,45.0,0.0
TCS.NS,2020-01-23,5.0,0.0
TCS.NS,2020-03-19,12.0,0.0
TCS.NS,2020-06-03,6.0,0.0
TCS.NS,2020-07-16,5.0,0.0
TCS.NS,2020-10-14,12.0,0.0
TCS.NS,2021-01-14,6.0,0.0
TCS.NS,2021-05-25,15.0,0.0
TCS.NS,2021-07-15,7.0,0.0
TCS.NS,2021-10-14,7.0,0.0
TCS.NS,2022-01-19,7.0,0.0
TCS.NS,2022-05-25,22.0,0.0
TCS.NS,2022-07-14,8.0,0.0
TCS.NS,2022-10-17,8.0,0.0
TCS.NS,2023-01-16,75.0,0.0
TCS.NS,2023-06-15,24.0,0.0
TCS.NS,2023-07-20,9.0,0.0
TCS.NS,2023-10-19,9.0,0.0
TCS.NS,2024-01-19,27.0,0.0
TCS.NS,2024-05-16,28.0,0.0
TCS.NS,2024-07-19,10.0,0.0
TCS.NS,2024-10-18,10.0,0.0
TCS.NS,2025-01-17,76.0,0.0
TCS.NS,2025-06-04,30.0,0.0
TCS.NS,2025-07-16,11.0,0.0
TCS.NS,2025-10-15,11.0,0.0
TCS.NS,2026-01-16,57.0,0.0
TCS.NS,2026-05-25,31.0,0.0
TITAN.NS,2016-03-22,2.2,0.0
TITAN.NS,2017-07-24,2.6,0.0
TITAN.NS,2018-07-23,3.75,0.0
TITAN.NS,2019-07-29,5.0,0.0
TITAN.NS,2020-08-03,4.0,0.0
TITAN.NS,2021-07-22,4.0,0.0
TITAN.NS,2022-07-08,7.5,0.0
TITAN.NS,2023-07-13,10.0,0.0
TITAN.NS,2024-06-27,11.0,0.0
TITAN.NS,2025-07-08,11.0,0.0
ULTRACEMCO.NS,2016-07-04,9.5,0.0
ULTRACEMCO.NS,2017-07-10,10.0,0.0
ULTRACEMCO.NS,2018-07-10,10.5,0.0
ULTRACEMCO.NS,2019-07-10,11.5,0.0
ULTRACEMCO.NS,2020-07-29,13.0,0.0
ULTRACEMCO.NS,2021-08-02,37.0,0.0
ULTRACEMCO.NS,2022-08-02,38.0,0.0
ULTRACEMCO.NS,2023-07-27,38.0,0.0
ULTRACEMCO.NS,2024-07-30,70.0,0.0
ULTRACEMCO.NS,2025-07-25,77.5,0.0
