Ticker,Date,Open,High,Low,Close,Adj_Close,Volume,NIFTY50_Row_Present
ASIANPAINT.NS,2025-03-18,2219.550048828125,2219.550048828125,2219.550048828125,2219.550048828125,2176.945068359375,0.0,True
ASIANPAINT.NS,2026-01-15,2813.89990234375,2813.89990234375,2813.89990234375,2813.89990234375,2789.696533203125,0.0,False
ASIANPAINT.NS,2026-05-01,2444.5,2444.5,2444.5,2444.5,2423.473876953125,0.0,False
ASIANPAINT.NS,2026-05-28,2671.89990234375,2671.89990234375,2671.89990234375,2671.89990234375,2648.91796875,0.0,False
ASIANPAINT.NS,2026-06-26,2645.199951171875,2645.199951171875,2645.199951171875,2645.199951171875,2645.199951171875,0.0,False
AXISBANK.NS,2025-03-18,1034.1500244140625,1034.1500244140625,1034.1500244140625,1034.1500244140625,1032.470703125,0.0,True
AXISBANK.NS,2026-01-15,1298.800048828125,1298.800048828125,1298.800048828125,1298.800048828125,1297.7991943359375,0.0,False
AXISBANK.NS,2026-05-01,1268.300048828125,1268.300048828125,1268.300048828125,1268.300048828125,1267.3226318359375,0.0,False
AXISBANK.NS,2026-05-28,1304.0999755859375,1304.0999755859375,1304.0999755859375,1304.0999755859375,1303.094970703125,0.0,False
AXISBANK.NS,2026-06-26,1377.199951171875,1377.199951171875,1377.199951171875,1377.199951171875,1376.138671875,0.0,False
BAJFINANCE.NS,2025-03-18,858.0349731445312,858.0349731445312,858.0349731445312,858.0349731445312,847.5628051757812,0.0,True
BAJFINANCE.NS,2026-01-15,945.9500122070312,945.9500122070312,945.9500122070312,945.9500122070312,940.1705932617188,0.0,False
BAJFINANCE.NS,2026-05-01,937.0,937.0,937.0,937.0,931.2752685546876,0.0,False
BAJFINANCE.NS,2026-05-28,931.1500244140624,931.1500244140624,931.1500244140624,931.1500244140624,925.4609985351562,0.0,False
BAJFINANCE.NS,2026-06-26,980.4000244140624,980.4000244140624,980.4000244140624,980.4000244140624,974.4100952148438,0.0,False
BHARTIARTL.NS,2025-03-18,1639.1500244140625,1639.1500244140625,1639.1500244140625,1639.1500244140625,1605.356689453125,0.0,True
BHARTIARTL.NS,2026-01-15,2022.5,2022.5,2022.5,2022.5,1997.3626708984373,0.0,False
BHARTIARTL.NS,2026-05-01,1886.800048828125,1886.800048828125,1886.800048828125,1886.800048828125,1863.349365234375,0.0,False
BHARTIARTL.NS,2026-05-28,1852.199951171875,1852.199951171875,1852.199951171875,1852.199951171875,1829.1793212890625,0.0,False
BHARTIARTL.NS,2026-06-26,1850.699951171875,1850.699951171875,1850.699951171875,1850.699951171875,1827.6978759765625,0.0,False
HDFCBANK.NS,2025-03-18,855.2000122070312,855.2000122070312,855.2000122070312,855.2000122070312,830.065673828125,0.0,True
HDFCBANK.NS,2026-01-15,925.4500122070312,925.4500122070312,925.4500122070312,925.4500122070312,910.3926391601562,0.0,False
HDFCBANK.NS,2026-05-01,771.7000122070312,771.7000122070312,771.7000122070312,771.7000122070312,759.1441650390625,0.0,False
HDFCBANK.NS,2026-05-28,758.6500244140625,758.6500244140625,758.6500244140625,758.6500244140625,746.3065185546875,0.0,False
HDFCBANK.NS,2026-06-26,796.2999877929688,796.2999877929688,796.2999877929688,796.2999877929688,796.2999877929688,0.0,False
HINDUNILVR.NS,2025-03-18,2171.25,2171.25,2171.25,2171.25,2110.42919921875,0.0,True
HINDUNILVR.NS,2026-01-15,2353.5,2353.5,2353.5,2353.5,2329.80224609375,0.0,False
HINDUNILVR.NS,2026-05-01,2250.89990234375,2250.89990234375,2250.89990234375,2250.89990234375,2228.2353515625,0.0,False
HINDUNILVR.NS,2026-05-28,2198.39990234375,2198.39990234375,2198.39990234375,2198.39990234375,2176.263916015625,0.0,False
HINDUNILVR.NS,2026-06-26,2174.199951171875,2174.199951171875,2174.199951171875,2174.199951171875,2174.199951171875,0.0,False
ICICIBANK.NS,2025-03-18,1269.0,1269.0,1269.0,1269.0,1248.7557373046875,0.0,True
ICICIBANK.NS,2026-01-15,1418.4000244140625,1418.4000244140625,1418.4000244140625,1418.4000244140625,1406.5421142578125,0.0,False
ICICIBANK.NS,2026-05-01,1263.4000244140625,1263.4000244140625,1263.4000244140625,1263.4000244140625,1252.8380126953125,0.0,False
ICICIBANK.NS,2026-05-28,1272.699951171875,1272.699951171875,1272.699951171875,1272.699951171875,1262.0601806640625,0.0,False
ICICIBANK.NS,2026-06-26,1387.5,1387.5,1387.5,1387.5,1375.9005126953125,0.0,False
INFY.NS,2025-03-18,1590.050048828125,1590.050048828125,1590.050048828125,1590.050048828125,1511.6353759765625,0.0,True
INFY.NS,2026-01-15,1599.800048828125,1599.800048828125,1599.800048828125,1599.800048828125,1565.91455078125,0.0,False
INFY.NS,2026-05-01,1181.800048828125,1181.800048828125,1181.800048828125,1181.800048828125,1156.768310546875,0.0,False
INFY.NS,2026-05-28,1159.9000244140625,1159.9000244140625,1159.9000244140625,1159.9000244140625,1135.3321533203125,0.0,False
INFY.NS,2026-06-26,1041.199951171875,1041.199951171875,1041.199951171875,1041.199951171875,1041.199951171875,0.0,False
ITC.NS,2026-01-15,334.75,334.75,334.75,334.75,319.182861328125,0.0,False
ITC.NS,2026-05-01,314.8999938964844,314.8999938964844,314.8999938964844,314.8999938964844,306.548583984375,0.0,False
ITC.NS,2026-05-28,291.95001220703125,291.95001220703125,291.95001220703125,291.95001220703125,291.95001220703125,0.0,False
ITC.NS,2026-06-26,290.0,290.0,290.0,290.0,290.0,0.0,False
KOTAKBANK.NS,2025-03-18,398.6199951171875,398.6199951171875,398.6199951171875,398.6199951171875,397.4747009277344,0.0,True
KOTAKBANK.NS,2026-01-15,421.0,421.0,421.0,421.0,420.2744140625,0.0,False
KOTAKBANK.NS,2026-05-01,383.2999877929688,383.2999877929688,383.2999877929688,383.2999877929688,382.6393737792969,0.0,False
KOTAKBANK.NS,2026-05-28,388.7000122070313,388.7000122070313,388.7000122070313,388.7000122070313,388.0300903320313,0.0,False
KOTAKBANK.NS,2026-06-26,409.0,409.0,409.0,409.0,408.2951049804688,0.0,False
LT.NS,2025-03-18,3173.449951171875,3173.449951171875,3173.449951171875,3173.449951171875,3113.7138671875,0.0,True
LT.NS,2026-01-15,3865.800048828125,3865.800048828125,3865.800048828125,3865.800048828125,3828.40673828125,0.0,False
LT.NS,2026-05-01,4014.0,4014.0,4014.0,4014.0,3975.173095703125,0.0,False
LT.NS,2026-05-28,4047.5,4047.5,4047.5,4047.5,4047.5,0.0,False
LT.NS,2026-06-26,4216.39990234375,4216.39990234375,4216.39990234375,4216.39990234375,4216.39990234375,0.0,False
MARUTI.NS,2025-03-18,11553.7001953125,11553.7001953125,11553.7001953125,11553.7001953125,11316.337890625,0.0,True
MARUTI.NS,2026-01-15,16152.0,16152.0,16152.0,16152.0,15991.3974609375,0.0,False
MARUTI.NS,2026-05-01,13314.0,13314.0,13314.0,13314.0,13181.6162109375,0.0,False
MARUTI.NS,2026-05-28,13364.0,13364.0,13364.0,13364.0,13231.119140625,0.0,False
MARUTI.NS,2026-06-26,13745.0,13745.0,13745.0,13745.0,13608.3310546875,0.0,False
NTPC.NS,2025-03-18,331.6499938964844,331.6499938964844,331.6499938964844,331.6499938964844,319.66925048828125,0.0,True
NTPC.NS,2026-01-15,349.1000061035156,349.1000061035156,349.1000061035156,349.1000061035156,342.78125,0.0,False
NTPC.NS,2026-05-01,399.1499938964844,399.1499938964844,399.1499938964844,399.1499938964844,394.88427734375,0.0,False
NTPC.NS,2026-05-28,398.1499938964844,398.1499938964844,398.1499938964844,398.1499938964844,393.89495849609375,0.0,False
NTPC.NS,2026-06-26,352.04998779296875,352.04998779296875,352.04998779296875,352.04998779296875,348.2876281738281,0.0,False
POWERGRID.NS,2025-03-18,267.3500061035156,267.3500061035156,267.3500061035156,267.3500061035156,257.6876525878906,0.0,True
POWERGRID.NS,2026-01-15,258.3500061035156,258.3500061035156,258.3500061035156,258.3500061035156,254.2967071533203,0.0,False
POWERGRID.NS,2026-05-01,318.3500061035156,318.3500061035156,318.3500061035156,318.3500061035156,316.8731384277344,0.0,False
POWERGRID.NS,2026-05-28,300.1499938964844,300.1499938964844,300.1499938964844,300.1499938964844,298.757568359375,0.0,False
POWERGRID.NS,2026-06-26,283.8999938964844,283.8999938964844,283.8999938964844,283.8999938964844,282.5829467773437,0.0,False
RELIANCE.NS,2025-03-18,1238.8499755859375,1238.8499755859375,1238.8499755859375,1238.8499755859375,1228.242919921875,0.0,True
RELIANCE.NS,2026-01-15,1458.800048828125,1458.800048828125,1458.800048828125,1458.800048828125,1452.086181640625,0.0,False
RELIANCE.NS,2026-05-01,1430.800048828125,1430.800048828125,1430.800048828125,1430.800048828125,1424.215087890625,0.0,False
RELIANCE.NS,2026-05-28,1350.5,1350.5,1350.5,1350.5,1344.2845458984375,0.0,False
RELIANCE.NS,2026-06-26,1318.0999755859375,1318.0999755859375,1318.0999755859375,1318.0999755859375,1318.0999755859375,0.0,False
SBIN.NS,2025-03-18,723.1500244140625,723.1500244140625,723.1500244140625,723.1500244140625,696.36328125,0.0,True
SBIN.NS,2026-01-15,1028.3499755859375,1028.3499755859375,1028.3499755859375,1028.3499755859375,1010.14208984375,0.0,False
SBIN.NS,2026-05-01,1068.449951171875,1068.449951171875,1068.449951171875,1068.449951171875,1049.5321044921875,0.0,False
SBIN.NS,2026-05-28,967.7999877929688,967.7999877929688,967.7999877929688,967.7999877929688,967.7999877929688,0.0,False
SBIN.NS,2026-06-26,1045.4000244140625,1045.4000244140625,1045.4000244140625,1045.4000244140625,1045.4000244140625,0.0,False
SUNPHARMA.NS,2025-03-18,1704.300048828125,1704.300048828125,1704.300048828125,1704.300048828125,1683.3331298828125,0.0,True
SUNPHARMA.NS,2026-01-15,1700.699951171875,1700.699951171875,1700.699951171875,1700.699951171875,1685.3070068359375,0.0,False
SUNPHARMA.NS,2026-05-01,1808.300048828125,1808.300048828125,1808.300048828125,1808.300048828125,1803.5732421875,0.0,False
SUNPHARMA.NS,2026-05-28,1844.300048828125,1844.300048828125,1844.300048828125,1844.300048828125,1839.4791259765625,0.0,False
SUNPHARMA.NS,2026-06-26,1862.800048828125,1862.800048828125,1862.800048828125,1862.800048828125,1857.9307861328125,0.0,False
TCS.NS,2025-03-18,3497.699951171875,3497.699951171875,3497.699951171875,3497.699951171875,3317.442626953125,0.0,True
TCS.NS,2026-01-15,3192.5,3192.5,3192.5,3192.5,3076.68505859375,0.0,False
TCS.NS,2026-05-01,2473.89990234375,2473.89990234375,2473.89990234375,2473.89990234375,2427.4951171875,0.0,False
TCS.NS,2026-05-28,2284.199951171875,2284.199951171875,2284.199951171875,2284.199951171875,2271.744140625,0.0,False
TCS.NS,2026-06-26,2094.699951171875,2094.699951171875,2094.699951171875,2094.699951171875,2083.27734375,0.0,False
TITAN.NS,2025-03-18,3017.35009765625,3017.35009765625,3017.35009765625,3017.35009765625,2998.457763671875,0.0,True
TITAN.NS,2026-01-15,4221.5,4221.5,4221.5,4221.5,4207.693359375,0.0,False
TITAN.NS,2026-05-01,4385.2001953125,4385.2001953125,4385.2001953125,4385.2001953125,4370.85791015625,0.0,False
TITAN.NS,2026-05-28,4137.89990234375,4137.89990234375,4137.89990234375,4137.89990234375,4124.36669921875,0.0,False
TITAN.NS,2026-06-26,4291.2998046875,4291.2998046875,4291.2998046875,4291.2998046875,4277.2646484375,0.0,False
ULTRACEMCO.NS,2025-03-18,10547.099609375,10547.099609375,10547.099609375,10547.099609375,10271.017578125,0.0,True
ULTRACEMCO.NS,2026-01-15,12255.0,12255.0,12255.0,12255.0,12009.859375,0.0,False
ULTRACEMCO.NS,2026-05-01,11586.0,11586.0,11586.0,11586.0,11354.2412109375,0.0,False
ULTRACEMCO.NS,2026-05-28,11689.0,11689.0,11689.0,11689.0,11455.181640625,0.0,False
ULTRACEMCO.NS,2026-06-26,11489.0,11489.0,11489.0,11489.0,11259.181640625,0.0,False
